{
  "changedFilesIos": [
    "www\\scripts\\jquery-2.1.0.js",
    "www\\scripts\\chui-3.8.5.js",
    "res\\icons\\android\\icon-72-hdpi.png",
    "res\\screens\\android\\screen-mdpi-landscape.png",
    "merges\\android\\scripts\\android2.3-jscompat.js",
    "merges\\windows\\scripts\\winstore-jscompat.js",
    "res\\icons\\ios\\icon-60.png",
    "res\\screens\\ios\\screen-iphone-landscape-736h.png",
    "res\\icons\\windows\\StoreLogo.scale-100.png",
    "www\\scripts\\index.js",
    "res\\icons\\android\\icon-48-mdpi.png",
    "res\\icons\\ios\\icon-72.png",
    "res\\icons\\ios\\icon-76.png",
    "res\\screens\\ios\\screen-ipad-portrait-2x.png",
    "plugins\\android.json",
    "res\\screens\\ios\\screen-iphone-portrait-2x.png",
    "res\\icons\\windows\\Square71x71Logo.scale-240.png",
    "merges\\android\\scripts\\platformOverrides.js",
    "res\\screens\\android\\screen-hdpi-portrait.png",
    "www\\css\\index.css",
    "res\\icons\\windows\\StoreLogo.scale-240.png",
    "res\\screens\\ios\\screen-ipad-landscape.png",
    "res\\icons\\ios\\icon-60-3x.png",
    "config.xml",
    "res\\screens\\wp8\\SplashScreenImage.jpg",
    "res\\screens\\ios\\screen-ipad-landscape-2x.png",
    "res\\screens\\ios\\screen-iphone-568h-2x.png",
    "res\\icons\\windows\\Square150x150Logo.scale-100.png",
    "res\\screens\\android\\screen-ldpi-landscape.png",
    "res\\icons\\windows\\Wide310x150Logo.scale-240.png",
    "res\\icons\\windows\\Wide310x150Logo.scale-100.png",
    "res\\icons\\ios\\icon-72-2x.png",
    "res\\icons\\ios\\icon-76-2x.png",
    "res\\icons\\ios\\icon-small.png",
    "res\\icons\\windows\\Square30x30Logo.scale-100.png",
    "res\\icons\\wp8\\Background.png",
    "www\\index.html",
    "res\\icons\\ios\\icon-40.png",
    "res\\icons\\ios\\icon-60-2x.png",
    "res\\screens\\android\\screen-ldpi-portrait.png",
    "res\\native\\android\\ant.properties",
    "res\\icons\\windows\\Square310x310Logo.scale-100.png",
    "www\\scripts\\platformOverrides.js",
    "taco.json",
    "res\\icons\\windows\\Square150x150Logo.scale-240.png",
    "res\\icons\\android\\icon-36-ldpi.png",
    "merges\\windows\\scripts\\platformOverrides.js",
    "www\\css\\chui-android-3.8.5.css",
    "res\\screens\\ios\\screen-iphone-portrait.png",
    "Project_Readme.html",
    "res\\screens\\android\\screen-xhdpi-portrait.png",
    "res\\icons\\ios\\icon-50-2x.png",
    "res\\icons\\ios\\icon-57-2x.png",
    "res\\icons\\ios\\icon-50.png",
    "res\\icons\\ios\\icon-57.png",
    "res\\icons\\ios\\icon-small-2x.png",
    "res\\icons\\windows\\Square70x70Logo.scale-100.png",
    "res\\screens\\windows\\SplashScreen.scale-240.png",
    "res\\icons\\android\\icon-96-xhdpi.png",
    "res\\icons\\wp8\\ApplicationIcon.png",
    "res\\icons\\ios\\icon-40-2x.png",
    "res\\screens\\ios\\screen-iphone-portrait-667h.png",
    "res\\screens\\android\\screen-hdpi-landscape.png",
    "res\\screens\\windows\\SplashScreenPhone.scale-240.png",
    "res\\screens\\windows\\SplashScreen.scale-100.png",
    "res\\screens\\ios\\screen-iphone-portrait-736h.png",
    "res\\screens\\ios\\screen-ipad-portrait.png",
    "res\\screens\\android\\screen-xhdpi-landscape.png",
    "res\\icons\\windows\\Square44x44Logo.scale-240.png",
    "res\\screens\\android\\screen-mdpi-portrait.png"
  ],
  "deletedFilesIos": [],
  "addedPluginsIos": [],
  "deletedPluginsIos": [],
  "changedFiles": [
    "plugins\\android.json",
    "www\\scripts\\index.js"
  ],
  "deletedFiles": [],
  "addedPlugins": [],
  "deletedPlugins": []
}