{
  "changedFilesIos": [
    "plugins\\org.apache.cordova.device-motion\\package.json",
    "www\\scripts\\jquery-2.1.0.js",
    "plugins\\org.apache.cordova.device-motion\\src\\blackberry10\\index.js",
    "res\\icons\\android\\icon-72-hdpi.png",
    "res\\screens\\android\\screen-mdpi-landscape.png",
    "merges\\android\\scripts\\android2.3-jscompat.js",
    "merges\\windows\\scripts\\winstore-jscompat.js",
    "res\\icons\\ios\\icon-60.png",
    "res\\screens\\ios\\screen-iphone-landscape-736h.png",
    "plugins\\org.apache.cordova.device-motion\\tests\\tests.js",
    "res\\icons\\windows\\StoreLogo.scale-100.png",
    "plugins\\org.apache.cordova.device-motion\\doc\\index.md",
    "www\\scripts\\index.js",
    "plugins\\org.apache.cordova.device-motion\\www\\Acceleration.js",
    "res\\icons\\android\\icon-48-mdpi.png",
    "res\\icons\\ios\\icon-72.png",
    "res\\icons\\ios\\icon-76.png",
    "plugins\\org.apache.cordova.device-motion\\CONTRIBUTING.md",
    "res\\screens\\ios\\screen-ipad-portrait-2x.png",
    "res\\screens\\ios\\screen-iphone-portrait-2x.png",
    "res\\icons\\windows\\Square71x71Logo.scale-240.png",
    "merges\\android\\scripts\\platformOverrides.js",
    "plugins\\org.apache.cordova.device-motion\\src\\tizen\\AccelerometerProxy.js",
    "plugins\\org.apache.cordova.device-motion\\src\\windows\\AccelerometerProxy.js",
    "plugins\\org.apache.cordova.device-motion\\src\\browser\\accelerometer.js",
    "res\\screens\\android\\screen-hdpi-portrait.png",
    "www\\css\\index.css",
    "plugins\\org.apache.cordova.device-motion\\plugin.xml",
    "plugins\\org.apache.cordova.device-motion\\doc\\ja\\index.md",
    "res\\icons\\windows\\StoreLogo.scale-240.png",
    "plugins\\org.apache.cordova.device-motion\\doc\\pl\\index.md",
    "res\\screens\\ios\\screen-ipad-landscape.png",
    "res\\icons\\ios\\icon-60-3x.png",
    "plugins\\org.apache.cordova.device-motion\\doc\\zh\\index.md",
    "plugins\\fetch.json",
    "res\\screens\\wp8\\SplashScreenImage.jpg",
    "www\\images\\Ball.png",
    "res\\screens\\ios\\screen-ipad-landscape-2x.png",
    "plugins\\org.apache.cordova.device-motion\\doc\\de\\index.md",
    "plugins\\org.apache.cordova.device-motion\\tests\\plugin.xml",
    "plugins\\org.apache.cordova.device-motion\\NOTICE",
    "res\\screens\\ios\\screen-iphone-568h-2x.png",
    "res\\icons\\windows\\Square150x150Logo.scale-100.png",
    "plugins\\org.apache.cordova.device-motion\\README.md",
    "res\\screens\\android\\screen-ldpi-landscape.png",
    "res\\icons\\windows\\Wide310x150Logo.scale-240.png",
    "res\\icons\\windows\\Wide310x150Logo.scale-100.png",
    "res\\icons\\ios\\icon-72-2x.png",
    "res\\icons\\ios\\icon-76-2x.png",
    "res\\icons\\ios\\icon-small.png",
    "plugins\\org.apache.cordova.device-motion\\RELEASENOTES.md",
    "res\\icons\\windows\\Square30x30Logo.scale-100.png",
    "res\\icons\\wp8\\Background.png",
    "plugins\\org.apache.cordova.device-motion\\src\\wp\\Accelerometer.cs",
    "plugins\\org.apache.cordova.device-motion\\doc\\it\\index.md",
    "www\\index.html",
    "res\\icons\\ios\\icon-40.png",
    "res\\icons\\ios\\icon-60-2x.png",
    "plugins\\org.apache.cordova.device-motion\\src\\browser\\AccelerometerProxy.js",
    "plugins\\org.apache.cordova.device-motion\\src\\firefoxos\\accelerometer.js",
    "res\\screens\\android\\screen-ldpi-portrait.png",
    "plugins\\org.apache.cordova.device-motion\\www\\accelerometer.js",
    "res\\native\\android\\ant.properties",
    "res\\icons\\windows\\Square310x310Logo.scale-100.png",
    "www\\scripts\\platformOverrides.js",
    "taco.json",
    "res\\icons\\windows\\Square150x150Logo.scale-240.png",
    "res\\icons\\android\\icon-36-ldpi.png",
    "merges\\windows\\scripts\\platformOverrides.js",
    "res\\screens\\ios\\screen-iphone-portrait.png",
    "Project_Readme.html",
    "res\\screens\\android\\screen-xhdpi-portrait.png",
    "res\\icons\\ios\\icon-50-2x.png",
    "res\\icons\\ios\\icon-57-2x.png",
    "res\\icons\\ios\\icon-50.png",
    "res\\icons\\ios\\icon-57.png",
    "res\\icons\\ios\\icon-small-2x.png",
    "res\\icons\\windows\\Square70x70Logo.scale-100.png",
    "res\\screens\\windows\\SplashScreen.scale-240.png",
    "res\\icons\\android\\icon-96-xhdpi.png",
    "plugins\\org.apache.cordova.device-motion\\doc\\fr\\index.md",
    "plugins\\org.apache.cordova.device-motion\\doc\\ko\\index.md",
    "res\\icons\\wp8\\ApplicationIcon.png",
    "plugins\\org.apache.cordova.device-motion\\src\\ubuntu\\accelerometer.cpp",
    "res\\icons\\ios\\icon-40-2x.png",
    "plugins\\org.apache.cordova.device-motion\\src\\ios\\CDVAccelerometer.h",
    "res\\screens\\ios\\screen-iphone-portrait-667h.png",
    "res\\screens\\android\\screen-hdpi-landscape.png",
    "res\\screens\\windows\\SplashScreenPhone.scale-240.png",
    "plugins\\org.apache.cordova.device-motion\\doc\\ru\\index.md",
    "plugins\\org.apache.cordova.device-motion\\src\\android\\AccelListener.java",
    "res\\screens\\windows\\SplashScreen.scale-100.png",
    "res\\screens\\ios\\screen-iphone-portrait-736h.png",
    "res\\screens\\ios\\screen-ipad-portrait.png",
    "plugins\\org.apache.cordova.device-motion\\doc\\es\\index.md",
    "res\\screens\\android\\screen-xhdpi-landscape.png",
    "plugins\\org.apache.cordova.device-motion\\LICENSE",
    "plugins\\org.apache.cordova.device-motion\\src\\ios\\CDVAccelerometer.m",
    "res\\icons\\windows\\Square44x44Logo.scale-240.png",
    "plugins\\org.apache.cordova.device-motion\\src\\ubuntu\\accelerometer.h",
    "res\\screens\\android\\screen-mdpi-portrait.png",
    "config.xml"
  ],
  "deletedFilesIos": [],
  "addedPluginsIos": [
    "org.apache.cordova.device-motion@0.2.11"
  ],
  "deletedPluginsIos": [],
  "changedFiles": [],
  "deletedFiles": [],
  "addedPlugins": [],
  "deletedPlugins": []
}