{
  "changedFilesIos": [
    "res\\icons\\android\\icon-72-hdpi.png",
    "res\\screens\\android\\screen-mdpi-landscape.png",
    "merges\\android\\scripts\\android2.3-jscompat.js",
    "merges\\windows\\scripts\\winstore-jscompat.js",
    "plugins\\org.apache.cordova.geolocation\\plugin.xml",
    "res\\icons\\ios\\icon-60.png",
    "plugins\\org.apache.cordova.geolocation\\doc\\pl\\index.md",
    "res\\screens\\ios\\screen-iphone-landscape-736h.png",
    "res\\icons\\windows\\StoreLogo.scale-100.png",
    "plugins\\org.apache.cordova.geolocation\\src\\windows\\GeolocationProxy.js",
    "www\\scripts\\index.js",
    "res\\icons\\android\\icon-48-mdpi.png",
    "plugins\\org.apache.cordova.geolocation\\doc\\es\\index.md",
    "res\\icons\\ios\\icon-72.png",
    "res\\icons\\ios\\icon-76.png",
    "res\\screens\\ios\\screen-ipad-portrait-2x.png",
    "plugins\\org.apache.cordova.geolocation\\www\\geolocation.js",
    "plugins\\org.apache.cordova.geolocation\\doc\\de\\index.md",
    "plugins\\org.apache.cordova.geolocation\\doc\\ko\\index.md",
    "res\\screens\\ios\\screen-iphone-portrait-2x.png",
    "res\\icons\\windows\\Square71x71Logo.scale-240.png",
    "merges\\android\\scripts\\platformOverrides.js",
    "plugins\\org.apache.cordova.geolocation\\doc\\ja\\index.md",
    "plugins\\org.apache.cordova.geolocation\\www\\PositionError.js",
    "res\\screens\\android\\screen-hdpi-portrait.png",
    "www\\css\\index.css",
    "res\\icons\\windows\\StoreLogo.scale-240.png",
    "plugins\\org.apache.cordova.geolocation\\RELEASENOTES.md",
    "plugins\\windows.json",
    "res\\screens\\ios\\screen-ipad-landscape.png",
    "plugins\\org.apache.cordova.geolocation\\doc\\ru\\index.md",
    "res\\icons\\ios\\icon-60-3x.png",
    "plugins\\fetch.json",
    "config.xml",
    "res\\screens\\wp8\\SplashScreenImage.jpg",
    "res\\screens\\ios\\screen-ipad-landscape-2x.png",
    "plugins\\org.apache.cordova.geolocation\\tests\\tests.js",
    "res\\screens\\ios\\screen-iphone-568h-2x.png",
    "res\\icons\\windows\\Square150x150Logo.scale-100.png",
    "plugins\\org.apache.cordova.geolocation\\doc\\fr\\index.md",
    "res\\screens\\android\\screen-ldpi-landscape.png",
    "res\\icons\\windows\\Wide310x150Logo.scale-240.png",
    "res\\icons\\windows\\Wide310x150Logo.scale-100.png",
    "res\\icons\\ios\\icon-72-2x.png",
    "res\\icons\\ios\\icon-76-2x.png",
    "plugins\\org.apache.cordova.geolocation\\www\\blackberry10\\GeolocationProxy.js",
    "res\\icons\\ios\\icon-small.png",
    "plugins\\org.apache.cordova.geolocation\\README.md",
    "plugins\\org.apache.cordova.geolocation\\doc\\index.md",
    "res\\icons\\windows\\Square30x30Logo.scale-100.png",
    "plugins\\org.apache.cordova.geolocation\\NOTICE",
    "res\\icons\\wp8\\Background.png",
    "www\\images\\Navigator.jpg",
    "www\\index.html",
    "res\\icons\\ios\\icon-40.png",
    "res\\icons\\ios\\icon-60-2x.png",
    "plugins\\org.apache.cordova.geolocation\\src\\ios\\CDVLocation.m",
    "res\\screens\\android\\screen-ldpi-portrait.png",
    "res\\native\\android\\ant.properties",
    "res\\icons\\windows\\Square310x310Logo.scale-100.png",
    "www\\scripts\\platformOverrides.js",
    "taco.json",
    "res\\icons\\windows\\Square150x150Logo.scale-240.png",
    "res\\icons\\android\\icon-36-ldpi.png",
    "merges\\windows\\scripts\\platformOverrides.js",
    "res\\screens\\ios\\screen-iphone-portrait.png",
    "Project_Readme.html",
    "res\\screens\\android\\screen-xhdpi-portrait.png",
    "res\\icons\\ios\\icon-50-2x.png",
    "res\\icons\\ios\\icon-57-2x.png",
    "plugins\\org.apache.cordova.geolocation\\www\\Coordinates.js",
    "res\\icons\\ios\\icon-50.png",
    "res\\icons\\ios\\icon-57.png",
    "res\\icons\\ios\\icon-small-2x.png",
    "plugins\\org.apache.cordova.geolocation\\LICENSE",
    "res\\icons\\windows\\Square70x70Logo.scale-100.png",
    "res\\screens\\windows\\SplashScreen.scale-240.png",
    "res\\icons\\android\\icon-96-xhdpi.png",
    "plugins\\org.apache.cordova.geolocation\\doc\\zh\\index.md",
    "res\\icons\\wp8\\ApplicationIcon.png",
    "res\\icons\\ios\\icon-40-2x.png",
    "plugins\\org.apache.cordova.geolocation\\src\\ubuntu\\geolocation.h",
    "plugins\\org.apache.cordova.geolocation\\src\\ubuntu\\geolocation.cpp",
    "plugins\\org.apache.cordova.geolocation\\www\\Position.js",
    "plugins\\org.apache.cordova.geolocation\\CONTRIBUTING.md",
    "res\\screens\\ios\\screen-iphone-portrait-667h.png",
    "plugins\\org.apache.cordova.geolocation\\tests\\plugin.xml",
    "res\\screens\\android\\screen-hdpi-landscape.png",
    "res\\screens\\windows\\SplashScreenPhone.scale-240.png",
    "res\\screens\\windows\\SplashScreen.scale-100.png",
    "res\\screens\\ios\\screen-iphone-portrait-736h.png",
    "res\\screens\\ios\\screen-ipad-portrait.png",
    "plugins\\org.apache.cordova.geolocation\\src\\ios\\CDVLocation.h",
    "plugins\\org.apache.cordova.geolocation\\src\\wp\\GeoLocation.cs",
    "plugins\\org.apache.cordova.geolocation\\src\\firefoxos\\GeolocationProxy.js",
    "plugins\\org.apache.cordova.geolocation\\package.json",
    "res\\screens\\android\\screen-xhdpi-landscape.png",
    "plugins\\org.apache.cordova.geolocation\\doc\\it\\index.md",
    "res\\icons\\windows\\Square44x44Logo.scale-240.png",
    "res\\screens\\android\\screen-mdpi-portrait.png"
  ],
  "deletedFilesIos": [],
  "addedPluginsIos": [
    "org.apache.cordova.geolocation@0.3.12"
  ],
  "deletedPluginsIos": [],
  "changedFiles": [
    "plugins\\windows.json"
  ],
  "deletedFiles": [],
  "addedPlugins": [],
  "deletedPlugins": []
}