{
    "prepare_queue": {
        "installed": [],
        "uninstalled": []
    },
    "config_munge": {
        "files": {
            "AndroidManifest.xml": {
                "parents": {
                    "/*": [
                        {
                            "xml": "<uses-permission android:name=\"android.permission.ACCESS_COARSE_LOCATION\" />",
                            "count": 1
                        },
                        {
                            "xml": "<uses-permission android:name=\"android.permission.ACCESS_FINE_LOCATION\" />",
                            "count": 1
                        }
                    ]
                }
            }
        }
    },
    "installed_plugins": {
        "org.apache.cordova.geolocation": {
            "PACKAGE_NAME": "io.cordova.myapp954c66e44d8e4e3088812067262717d9"
        }
    },
    "dependent_plugins": {},
    "modules": [],
    "plugin_metadata": {
        "org.apache.cordova.geolocation": "0.3.12"
    }
}