{
    "prepare_queue": {
        "installed": [],
        "uninstalled": []
    },
    "config_munge": {
        "files": {
            "res/xml/config.xml": {
                "parents": {
                    "/*": [
                        {
                            "xml": "<feature name=\"Accelerometer\"><param name=\"android-package\" value=\"org.apache.cordova.devicemotion.AccelListener\" /></feature>",
                            "count": 1
                        }
                    ]
                }
            }
        }
    },
    "installed_plugins": {
        "org.apache.cordova.device-motion": {
            "PACKAGE_NAME": "io.cordova.myapp92a8311b8a8f46d98f99db262fb32cda"
        }
    },
    "dependent_plugins": {},
    "modules": [
        {
            "file": "plugins/org.apache.cordova.device-motion/www/Acceleration.js",
            "id": "org.apache.cordova.device-motion.Acceleration",
            "pluginId": "org.apache.cordova.device-motion",
            "clobbers": [
                "Acceleration"
            ]
        },
        {
            "file": "plugins/org.apache.cordova.device-motion/www/accelerometer.js",
            "id": "org.apache.cordova.device-motion.accelerometer",
            "pluginId": "org.apache.cordova.device-motion",
            "clobbers": [
                "navigator.accelerometer"
            ]
        }
    ],
    "plugin_metadata": {
        "org.apache.cordova.device-motion": "0.2.11"
    }
}