{
  "changedFilesIos": [
    "plugins\\org.apache.cordova.device-orientation\\doc\\zh\\index.md",
    "plugins\\org.apache.cordova.device-orientation\\src\\firefoxos\\compass.js",
    "plugins\\org.apache.cordova.device-orientation\\CONTRIBUTING.md",
    "plugins\\org.apache.cordova.device-orientation\\src\\android\\CompassListener.java",
    "plugins\\org.apache.cordova.device-orientation\\doc\\de\\index.md",
    "res\\icons\\android\\icon-72-hdpi.png",
    "res\\screens\\android\\screen-mdpi-landscape.png",
    "merges\\android\\scripts\\android2.3-jscompat.js",
    "plugins\\org.apache.cordova.device-orientation\\src\\browser\\compass.js",
    "merges\\windows\\scripts\\winstore-jscompat.js",
    "res\\icons\\ios\\icon-60.png",
    "res\\screens\\ios\\screen-iphone-landscape-736h.png",
    "res\\icons\\windows\\StoreLogo.scale-100.png",
    "plugins\\org.apache.cordova.device-orientation\\tests\\tests.js",
    "plugins\\org.apache.cordova.device-orientation\\README.md",
    "www\\scripts\\index.js",
    "res\\icons\\android\\icon-48-mdpi.png",
    "res\\icons\\ios\\icon-72.png",
    "res\\icons\\ios\\icon-76.png",
    "plugins\\org.apache.cordova.device-orientation\\doc\\ru\\index.md",
    "plugins\\org.apache.cordova.device-orientation\\src\\tizen\\CompassProxy.js",
    "res\\screens\\ios\\screen-ipad-portrait-2x.png",
    "res\\screens\\ios\\screen-iphone-portrait-2x.png",
    "res\\icons\\windows\\Square71x71Logo.scale-240.png",
    "merges\\android\\scripts\\platformOverrides.js",
    "plugins\\org.apache.cordova.device-orientation\\tests\\plugin.xml",
    "plugins\\org.apache.cordova.device-orientation\\www\\CompassHeading.js",
    "res\\screens\\android\\screen-hdpi-portrait.png",
    "plugins\\org.apache.cordova.device-orientation\\src\\ios\\CDVCompass.h",
    "plugins\\org.apache.cordova.device-orientation\\src\\ios\\CDVCompass.m",
    "plugins\\org.apache.cordova.device-orientation\\src\\ubuntu\\compass.h",
    "plugins\\org.apache.cordova.device-orientation\\www\\CompassError.js",
    "plugins\\org.apache.cordova.device-orientation\\doc\\it\\index.md",
    "www\\css\\index.css",
    "plugins\\org.apache.cordova.device-orientation\\NOTICE",
    "res\\icons\\windows\\StoreLogo.scale-240.png",
    "res\\screens\\ios\\screen-ipad-landscape.png",
    "plugins\\org.apache.cordova.device-orientation\\www\\compass.js",
    "res\\icons\\ios\\icon-60-3x.png",
    "plugins\\fetch.json",
    "plugins\\org.apache.cordova.device-orientation\\doc\\fr\\index.md",
    "plugins\\org.apache.cordova.device-orientation\\src\\windows8\\CompassProxy.js",
    "res\\screens\\wp8\\SplashScreenImage.jpg",
    "plugins\\org.apache.cordova.device-orientation\\LICENSE",
    "res\\screens\\ios\\screen-ipad-landscape-2x.png",
    "plugins\\org.apache.cordova.device-orientation\\doc\\index.md",
    "plugins\\org.apache.cordova.device-orientation\\src\\wp\\Compass.cs",
    "res\\screens\\ios\\screen-iphone-568h-2x.png",
    "res\\icons\\windows\\Square150x150Logo.scale-100.png",
    "res\\screens\\android\\screen-ldpi-landscape.png",
    "res\\icons\\windows\\Wide310x150Logo.scale-240.png",
    "res\\icons\\windows\\Wide310x150Logo.scale-100.png",
    "res\\icons\\ios\\icon-72-2x.png",
    "res\\icons\\ios\\icon-76-2x.png",
    "plugins\\org.apache.cordova.device-orientation\\src\\blackberry10\\index.js",
    "res\\icons\\ios\\icon-small.png",
    "res\\icons\\windows\\Square30x30Logo.scale-100.png",
    "res\\icons\\wp8\\Background.png",
    "plugins\\org.apache.cordova.device-orientation\\src\\ubuntu\\compass.cpp",
    "www\\index.html",
    "res\\icons\\ios\\icon-40.png",
    "res\\icons\\ios\\icon-60-2x.png",
    "plugins\\org.apache.cordova.device-orientation\\doc\\ko\\index.md",
    "res\\screens\\android\\screen-ldpi-portrait.png",
    "res\\native\\android\\ant.properties",
    "plugins\\org.apache.cordova.device-orientation\\src\\browser\\CompassProxy.js",
    "res\\icons\\windows\\Square310x310Logo.scale-100.png",
    "www\\scripts\\platformOverrides.js",
    "taco.json",
    "res\\icons\\windows\\Square150x150Logo.scale-240.png",
    "res\\icons\\android\\icon-36-ldpi.png",
    "merges\\windows\\scripts\\platformOverrides.js",
    "res\\screens\\ios\\screen-iphone-portrait.png",
    "Project_Readme.html",
    "res\\screens\\android\\screen-xhdpi-portrait.png",
    "res\\icons\\ios\\icon-50-2x.png",
    "res\\icons\\ios\\icon-57-2x.png",
    "res\\icons\\ios\\icon-50.png",
    "res\\icons\\ios\\icon-57.png",
    "res\\icons\\ios\\icon-small-2x.png",
    "res\\icons\\windows\\Square70x70Logo.scale-100.png",
    "res\\screens\\windows\\SplashScreen.scale-240.png",
    "plugins\\org.apache.cordova.device-orientation\\plugin.xml",
    "res\\icons\\android\\icon-96-xhdpi.png",
    "plugins\\org.apache.cordova.device-orientation\\doc\\pl\\index.md",
    "plugins\\org.apache.cordova.device-orientation\\package.json",
    "res\\icons\\wp8\\ApplicationIcon.png",
    "res\\icons\\ios\\icon-40-2x.png",
    "res\\screens\\ios\\screen-iphone-portrait-667h.png",
    "res\\screens\\android\\screen-hdpi-landscape.png",
    "res\\screens\\windows\\SplashScreenPhone.scale-240.png",
    "res\\screens\\windows\\SplashScreen.scale-100.png",
    "res\\screens\\ios\\screen-iphone-portrait-736h.png",
    "res\\screens\\ios\\screen-ipad-portrait.png",
    "plugins\\org.apache.cordova.device-orientation\\doc\\ja\\index.md",
    "res\\screens\\android\\screen-xhdpi-landscape.png",
    "plugins\\org.apache.cordova.device-orientation\\RELEASENOTES.md",
    "plugins\\org.apache.cordova.device-orientation\\doc\\es\\index.md",
    "res\\icons\\windows\\Square44x44Logo.scale-240.png",
    "res\\screens\\android\\screen-mdpi-portrait.png",
    "config.xml"
  ],
  "deletedFilesIos": [],
  "addedPluginsIos": [
    "org.apache.cordova.device-orientation@0.3.11"
  ],
  "deletedPluginsIos": [],
  "changedFiles": [
    "plugins\\org.apache.cordova.device-orientation\\doc\\zh\\index.md",
    "plugins\\org.apache.cordova.device-orientation\\src\\firefoxos\\compass.js",
    "plugins\\org.apache.cordova.device-orientation\\CONTRIBUTING.md",
    "plugins\\org.apache.cordova.device-orientation\\src\\android\\CompassListener.java",
    "plugins\\org.apache.cordova.device-orientation\\doc\\de\\index.md",
    "res\\icons\\android\\icon-72-hdpi.png",
    "res\\screens\\android\\screen-mdpi-landscape.png",
    "merges\\android\\scripts\\android2.3-jscompat.js",
    "plugins\\org.apache.cordova.device-orientation\\src\\browser\\compass.js",
    "merges\\windows\\scripts\\winstore-jscompat.js",
    "res\\icons\\ios\\icon-60.png",
    "res\\screens\\ios\\screen-iphone-landscape-736h.png",
    "res\\icons\\windows\\StoreLogo.scale-100.png",
    "plugins\\org.apache.cordova.device-orientation\\tests\\tests.js",
    "plugins\\org.apache.cordova.device-orientation\\README.md",
    "www\\scripts\\index.js",
    "res\\icons\\android\\icon-48-mdpi.png",
    "res\\icons\\ios\\icon-72.png",
    "res\\icons\\ios\\icon-76.png",
    "plugins\\org.apache.cordova.device-orientation\\doc\\ru\\index.md",
    "plugins\\org.apache.cordova.device-orientation\\src\\tizen\\CompassProxy.js",
    "res\\screens\\ios\\screen-ipad-portrait-2x.png",
    "res\\screens\\ios\\screen-iphone-portrait-2x.png",
    "res\\icons\\windows\\Square71x71Logo.scale-240.png",
    "merges\\android\\scripts\\platformOverrides.js",
    "plugins\\org.apache.cordova.device-orientation\\tests\\plugin.xml",
    "plugins\\org.apache.cordova.device-orientation\\www\\CompassHeading.js",
    "res\\screens\\android\\screen-hdpi-portrait.png",
    "plugins\\org.apache.cordova.device-orientation\\src\\ios\\CDVCompass.h",
    "plugins\\org.apache.cordova.device-orientation\\src\\ios\\CDVCompass.m",
    "plugins\\org.apache.cordova.device-orientation\\src\\ubuntu\\compass.h",
    "plugins\\org.apache.cordova.device-orientation\\www\\CompassError.js",
    "plugins\\org.apache.cordova.device-orientation\\doc\\it\\index.md",
    "www\\css\\index.css",
    "plugins\\org.apache.cordova.device-orientation\\NOTICE",
    "res\\icons\\windows\\StoreLogo.scale-240.png",
    "res\\screens\\ios\\screen-ipad-landscape.png",
    "plugins\\org.apache.cordova.device-orientation\\www\\compass.js",
    "res\\icons\\ios\\icon-60-3x.png",
    "plugins\\fetch.json",
    "plugins\\org.apache.cordova.device-orientation\\doc\\fr\\index.md",
    "plugins\\org.apache.cordova.device-orientation\\src\\windows8\\CompassProxy.js",
    "res\\screens\\wp8\\SplashScreenImage.jpg",
    "plugins\\org.apache.cordova.device-orientation\\LICENSE",
    "res\\screens\\ios\\screen-ipad-landscape-2x.png",
    "plugins\\org.apache.cordova.device-orientation\\doc\\index.md",
    "plugins\\org.apache.cordova.device-orientation\\src\\wp\\Compass.cs",
    "res\\screens\\ios\\screen-iphone-568h-2x.png",
    "res\\icons\\windows\\Square150x150Logo.scale-100.png",
    "res\\screens\\android\\screen-ldpi-landscape.png",
    "res\\icons\\windows\\Wide310x150Logo.scale-240.png",
    "res\\icons\\windows\\Wide310x150Logo.scale-100.png",
    "res\\icons\\ios\\icon-72-2x.png",
    "res\\icons\\ios\\icon-76-2x.png",
    "plugins\\org.apache.cordova.device-orientation\\src\\blackberry10\\index.js",
    "res\\icons\\ios\\icon-small.png",
    "res\\icons\\windows\\Square30x30Logo.scale-100.png",
    "res\\icons\\wp8\\Background.png",
    "plugins\\org.apache.cordova.device-orientation\\src\\ubuntu\\compass.cpp",
    "www\\index.html",
    "res\\icons\\ios\\icon-40.png",
    "res\\icons\\ios\\icon-60-2x.png",
    "plugins\\org.apache.cordova.device-orientation\\doc\\ko\\index.md",
    "res\\screens\\android\\screen-ldpi-portrait.png",
    "res\\native\\android\\ant.properties",
    "plugins\\org.apache.cordova.device-orientation\\src\\browser\\CompassProxy.js",
    "res\\icons\\windows\\Square310x310Logo.scale-100.png",
    "www\\scripts\\platformOverrides.js",
    "taco.json",
    "res\\icons\\windows\\Square150x150Logo.scale-240.png",
    "res\\icons\\android\\icon-36-ldpi.png",
    "merges\\windows\\scripts\\platformOverrides.js",
    "res\\screens\\ios\\screen-iphone-portrait.png",
    "Project_Readme.html",
    "res\\screens\\android\\screen-xhdpi-portrait.png",
    "res\\icons\\ios\\icon-50-2x.png",
    "res\\icons\\ios\\icon-57-2x.png",
    "res\\icons\\ios\\icon-50.png",
    "res\\icons\\ios\\icon-57.png",
    "res\\icons\\ios\\icon-small-2x.png",
    "res\\icons\\windows\\Square70x70Logo.scale-100.png",
    "res\\screens\\windows\\SplashScreen.scale-240.png",
    "plugins\\org.apache.cordova.device-orientation\\plugin.xml",
    "res\\icons\\android\\icon-96-xhdpi.png",
    "plugins\\org.apache.cordova.device-orientation\\doc\\pl\\index.md",
    "plugins\\org.apache.cordova.device-orientation\\package.json",
    "res\\icons\\wp8\\ApplicationIcon.png",
    "res\\icons\\ios\\icon-40-2x.png",
    "res\\screens\\ios\\screen-iphone-portrait-667h.png",
    "res\\screens\\android\\screen-hdpi-landscape.png",
    "res\\screens\\windows\\SplashScreenPhone.scale-240.png",
    "res\\screens\\windows\\SplashScreen.scale-100.png",
    "res\\screens\\ios\\screen-iphone-portrait-736h.png",
    "res\\screens\\ios\\screen-ipad-portrait.png",
    "plugins\\org.apache.cordova.device-orientation\\doc\\ja\\index.md",
    "res\\screens\\android\\screen-xhdpi-landscape.png",
    "plugins\\org.apache.cordova.device-orientation\\RELEASENOTES.md",
    "plugins\\org.apache.cordova.device-orientation\\doc\\es\\index.md",
    "res\\icons\\windows\\Square44x44Logo.scale-240.png",
    "res\\screens\\android\\screen-mdpi-portrait.png",
    "config.xml"
  ],
  "deletedFiles": [],
  "addedPlugins": [
    "org.apache.cordova.device-orientation@0.3.11"
  ],
  "deletedPlugins": []
}