{
    "prepare_queue": {
        "installed": [],
        "uninstalled": []
    },
    "config_munge": {
        "files": {
            "res/xml/config.xml": {
                "parents": {
                    "/*": [
                        {
                            "xml": "<feature name=\"Compass\"><param name=\"android-package\" value=\"org.apache.cordova.deviceorientation.CompassListener\" /></feature>",
                            "count": 1
                        }
                    ]
                }
            },
            "AndroidManifest.xml": {
                "parents": {
                    "/*": [
                        {
                            "xml": "<uses-permission android:name=\"android.permission.ACCESS_COARSE_LOCATION\" />",
                            "count": 1
                        },
                        {
                            "xml": "<uses-permission android:name=\"android.permission.ACCESS_FINE_LOCATION\" />",
                            "count": 1
                        }
                    ]
                }
            }
        }
    },
    "installed_plugins": {
        "org.apache.cordova.device-orientation": {
            "PACKAGE_NAME": "io.cordova.myappc400290bbe3d4e3db1f002f7c6bc5231"
        }
    },
    "dependent_plugins": {},
    "modules": [
        {
            "file": "plugins/org.apache.cordova.device-orientation/www/CompassError.js",
            "id": "org.apache.cordova.device-orientation.CompassError",
            "pluginId": "org.apache.cordova.device-orientation",
            "clobbers": [
                "CompassError"
            ]
        },
        {
            "file": "plugins/org.apache.cordova.device-orientation/www/CompassHeading.js",
            "id": "org.apache.cordova.device-orientation.CompassHeading",
            "pluginId": "org.apache.cordova.device-orientation",
            "clobbers": [
                "CompassHeading"
            ]
        },
        {
            "file": "plugins/org.apache.cordova.device-orientation/www/compass.js",
            "id": "org.apache.cordova.device-orientation.compass",
            "pluginId": "org.apache.cordova.device-orientation",
            "clobbers": [
                "navigator.compass"
            ]
        }
    ],
    "plugin_metadata": {
        "org.apache.cordova.device-orientation": "0.3.11"
    }
}